Country,IP,Port,Version,Online,Max,Ping,Comment
United States,71.188.79.131,25565,Spigot 1.16.1,0,20,133,
United States,68.134.10.253,25565,Paper 1.16.5,0,10,158,
United States,68.160.242.150,25565,Paper 1.16.5,0,34,130,
United States,71.114.14.90,25565,1.16.4,0,20,139,
United States,71.114.63.44,25565,1.16.4,0,4,135,
United States,63.86.188.28,25565,1.16.4,0,20,148,
United States,71.172.240.7,25565,1.12.2,0,20,134,
United States,71.113.187.180,25565,Paper 1.16.4,0,25,132,
United States,70.16.131.15,25565,1.16.3,0,20,127,
United States,68.129.49.132,25565,Paper 1.16.4,2,40,126,
United States,71.184.122.13,25565,Spigot 1.16.4,0,20,160,
United States,71.164.79.96,25565,1.12.2,0,10,137,
United States,71.179.94.79,25565,1.16.4,0,20,139,
United States,71.187.40.12,25565,Paper 1.16.5,0,20,137,
United States,71.162.143.141,25565,Spigot 1.16.5,0,20,127,
United States,68.160.143.64,25565,1.16.4,0,20,137,
United States,68.160.143.65,25565,1.16.4,0,20,184,
United States,71.187.72.221,25565,Paper 1.16.3,0,25,144,
United States,71.178.235.67,25565,1.16.5,0,20,127,
United States,71.187.201.187,25565,CraftBukkit 1.16.5,0,20,136,
United States,68.131.9.241,25565,1.16.4,0,20,131,
United States,70.16.228.217,25565,Spigot 1.16.5,0,20,127,
United States,71.115.230.202,25565,Spigot 1.16.4,0,20,134,
United States,70.17.101.108,25565,1.16.4,0,10,128,
United States,71.126.133.79,25565,Paper 1.16.4,0,20,134,
United States,68.131.121.73,25565,1.16.4,0,20,143,
United States,71.172.158.93,25565,1.16.4,0,20,129,
United States,71.171.89.39,25565,Paper 1.16.5,1,20,136,
United States,68.129.128.65,25565,Paper 1.16.4,0,20,131,
United States,71.112.204.58,25565,1.16.4,2,20,140,
United States,71.172.198.95,25565,Paper 1.16.4,0,20,124,
United States,71.179.82.223,25565,CraftBukkit 1.16.4,1,10,137,
United States,71.176.217.36,25565,1.12.2,0,20,129,
United States,71.114.43.138,25565,1.12.2,0,4,138,
United States,71.182.203.210,25565,1.7.10,0,20,134,
United States,71.172.165.110,25565,1.12.2,0,20,131,
United States,71.120.26.101,25565,Spigot 1.16.1,0,20,136,
United States,71.167.139.68,25565,CraftBukkit 1.16.3,0,10,123,
United States,71.179.180.207,25565,1.16.4,0,20,138,
United States,71.179.46.211,25565,1.12.2,0,20,143,
United States,71.179.246.198,25565,Spigot 1.16.5,0,20,144,
United States,70.19.44.29,25565,Spigot 1.16.5,0,20,138,
United States,71.172.82.247,25565,Paper 1.16.5,0,25,134,
United States,70.23.7.195,25565,Paper 1.16.1,0,20,131,
United States,70.23.22.89,25565,1.16.3,0,20,135,
United States,68.129.98.155,25565,1.16.4,0,20,188,
United States,68.132.77.94,25565,1.16.4,0,20,133,
United States,68.162.69.142,25565,1.16.4,0,20,148,
United States,68.129.177.144,25565,Paper 1.16.5,0,20,918,
United States,70.21.5.9,25565,1.12.2,0,32,131,
United States,68.134.141.27,25565,1.12.2,0,20,133,
United States,71.178.253.65,25565,1.16.5,0,20,133,
United States,68.134.239.233,25565,1.16.5,0,20,137,
United States,68.133.82.102,25565,1.16.5,0,20,152,
United States,71.104.10.235,25565,Spigot 1.16.4,0,20,195,
United States,71.162.219.226,25565,Spigot 1.16.4,0,100,125,
United States,68.134.118.13,25565,1.16.5,0,20,134,
United States,68.132.51.124,25565,1.12.2,1,20,129,
United States,68.131.71.199,25565,1.16.4,1,20,142,
United States,68.133.82.186,25565,1.16.4,0,15,136,
United States,71.174.210.150,25565,1.12.2,1,20,132,
United States,71.163.252.76,25565,1.16.5,0,24,137,
United States,71.178.239.218,25565,1.16.5,0,100,158,
United States,68.161.153.134,25565,Paper 1.16.5,0,5,169,
United States,71.182.204.21,25565,1.16.5,2,20,130,
United States,68.134.3.66,25565,Paper 1.16.4,0,6,146,
United States,71.186.194.171,25565,1.16.4,0,20,138,
United States,70.23.21.233,25565,1.12.2,0,20,129,
United States,68.238.25.212,25565,1.16.4,0,20,150,
United States,70.106.244.224,25565,1.16.4,0,20,123,
United States,71.120.17.242,25565,1.16.2,0,20,138,
United States,71.163.49.107,25565,1.16.4,0,20,140,
United States,68.133.34.108,25565,1.7.10,1,20,135,
United States,71.179.139.70,25565,Paper 1.16.5,1,20,155,
United States,71.175.7.51,25565,1.16.4,2,20,144,
United States,68.162.69.87,25565,1.16.2,0,10,132,
United States,71.105.33.227,25565,1.12.2,0,20,146,
United States,71.176.33.30,25565,Spigot 1.16.4,0,20,143,
United States,70.106.196.44,25565,1.7.10,0,40,132,
United States,68.238.22.6,25565,1.16.4,0,20,146,
United States,70.106.224.210,25565,1.12.2,0,20,158,
United States,71.163.177.186,25565,1.16.4,0,20,147,
United States,68.161.223.216,25565,1.16.5,1,10,119,
United States,71.175.7.77,25565,1.16.5,0,20,136,
United States,68.132.109.221,25565,Spigot 1.16.4,0,8,135,
United States,71.168.180.141,25565,Spigot 1.16.4,0,20,143,
United States,71.188.116.195,25565,20w51a,0,20,116,
United States,68.129.113.88,25565,CraftBukkit 1.16.5,4,20,145,
United States,71.171.96.61,25565,1.16.4,0,20,146,
United States,71.105.239.201,25565,1.16.4,0,5,127,
United States,71.166.38.15,25565,1.15.2,0,20,129,
United States,68.134.74.155,25565,1.16.4,0,20,136,
United States,71.182.224.124,25565,1.16.4,0,20,132,
United States,68.161.180.162,25565,1.16.5,0,20,125,
United States,71.183.171.231,25565,1.16.4,0,20,147,
United States,70.106.218.16,25565,1.16.5,0,20,140,
United States,71.172.37.79,25565,Spigot 1.16.4,0,6,133,
United States,71.179.171.222,25565,1.7.10,0,20,127,
United States,71.183.83.229,25565,1.16.1,0,40,136,
United States,70.106.200.175,25565,Paper 1.16.4,0,69,153,
United States,71.105.73.37,25565,1.16.4,0,20,124,
United States,68.134.109.184,25565,Paper 1.16.5,0,20,126,
United States,71.171.113.169,25565,1.16.3,0,64,138,
United States,70.106.225.160,25565,Spigot 1.16.5,0,20,140,
United States,71.173.217.32,25565,1.12.2,0,20,126,
United States,71.187.90.5,25565,Paper 1.16.5,0,100,135,
United States,71.178.175.162,25565,Spigot 1.16.3,1,15,130,
United States,71.121.197.162,25565,1.16.3,0,20,139,
United States,71.112.163.177,25565,1.16.4,0,20,177,
United States,71.114.119.66,25565,1.16.4,0,20,132,
United States,68.129.249.213,25565,1.16.4,0,20,127,
United States,71.174.204.129,25565,1.16.5,0,20,134,
United States,71.168.216.215,25565,1.16.4,0,20,134,
United States,71.174.113.16,25565,1.16.5,0,20,124,
United States,71.121.245.124,25565,1.16.5,0,20,147,
United States,71.179.18.20,25565,1.16.4,0,20,133,
United States,71.178.13.212,25565,Spigot 1.16.4,2,20,131,
United States,71.184.192.236,25565,1.16.5,0,20,146,
United States,71.114.116.79,25565,1.7.10,0,20,130,
United States,68.162.125.181,25565,1.16.5,1,20,131,
United States,68.132.99.65,25565,1.16.4,0,4,119,
United States,71.167.9.34,25565,1.12.2,0,32,123,
United States,71.171.106.153,25565,1.16.4,0,100,122,
United States,71.173.221.81,25565,Spigot 1.16.5,1,20,133,
United States,71.112.169.24,25565,1.16.4,0,20,138,
United States,70.106.231.17,25565,1.12.2,0,6,129,
United States,71.178.247.243,25565,1.16.3,0,99,139,
United States,71.126.130.144,25565,Spigot 1.16.4,0,15,135,
United States,68.129.86.157,25565,1.16.5,0,6,128,
United States,71.174.61.166,25565,1.12.2,1,20,143,
United States,71.171.97.36,25565,1.16.4,0,20,131,
United States,68.129.119.112,25565,1.16.3,0,20,125,
United States,68.129.165.147,25565,1.16.4,0,20,129,
United States,71.120.158.240,25565,1.7.10,0,20,141,
United States,68.133.66.180,25565,Spigot 1.16.4,0,20,141,
United States,71.179.162.16,25565,1.16.4,0,20,133,
United States,68.129.132.107,25565,1.16.5,0,5,138,
United States,71.187.33.215,25565,1.12.2,0,10,124,
United States,71.163.253.42,25565,1.16.4,0,20,133,
United States,71.167.177.108,25565,1.16.4,0,20,127,
United States,71.120.229.113,25565,1.12.2,0,20,147,
United States,71.121.237.98,25565,Spigot 1.15.2,0,40,146,
United States,68.133.37.181,25565,1.16.5,0,20,137,
United States,68.134.76.34,25565,1.16.4,0,20,138,
United States,68.129.31.148,25565,1.16.4,0,20,132,
United States,68.134.24.66,25565,1.12.2,1,20,132,
United States,71.173.153.204,25565,1.12.2,0,20,122,
United States,71.178.253.161,25565,1.16.5,0,21,132,
United States,68.163.96.150,25565,1.16.4,0,10,221,
United States,68.133.33.225,25565,Spigot 1.16.4,0,20,137,
United States,71.175.80.111,25565,1.16.5,0,20,126,
United States,71.183.77.113,25565,1.16.4,0,20,128,
United States,71.176.240.94,25565,Paper 1.16.5,0,20,158,
United States,71.188.56.231,25565,1.16.4,0,20,140,
United States,71.190.11.163,25565,Paper 1.16.3,0,10,118,
United States,71.168.133.105,25565,Paper 1.16.4,0,8000,123,
United States,71.168.238.114,25565,1.16.4,0,20,123,
United States,71.186.158.121,25565,1.12.2,0,15,143,
United States,71.174.210.189,25565,1.12.2,0,20,131,
United States,68.129.4.21,25565,Spigot 1.16.5,0,50,127,
United States,68.132.199.149,25565,1.16.4,0,8,121,
United States,71.115.228.117,25565,Spigot 1.16.4,1,50,137,
United States,68.134.8.140,25565,Paper 1.16.1,0,20,138,
United States,71.187.100.121,25565,1.16.4,0,20,132,
United States,70.106.190.55,25565,1.16.5,0,20,140,
United States,71.105.113.215,25565,1.12.2,0,10,135,
United States,70.106.235.145,25565,1.16.4,1,20,128,
United States,71.121.253.140,25565,Paper 1.16.4,0,20,143,
United States,70.106.196.196,25565,1.16.4,0,20,128,
United States,68.134.23.123,25565,1.16.5,0,20,147,
United States,71.174.53.215,25565,20w45a,0,20,127,
United States,70.104.135.190,25565,1.16.4,0,20,127,
United States,68.133.42.14,25565,1.12.2,0,20,138,
United States,71.104.7.202,25565,1.12.2,4,20,120,
United States,70.106.213.76,25565,1.16.5,0,20,137,
United States,71.114.102.44,25565,1.12.2,0,20,144,
United States,71.179.171.204,25565,Paper 1.16.4,0,20,142,
United States,71.174.70.4,25565,1.16.4,0,20,131,
United States,71.125.90.153,25565,1.16.4,0,20,123,
United States,68.134.53.246,25565,1.12.2,1,20,128,
United States,71.125.48.98,25565,1.16.5,0,20,137,
United States,71.186.184.134,25565,Spigot 1.16.5,2,20,142,
United States,71.173.217.139,25565,1.16.4,0,20,127,
United States,71.112.172.67,25565,1.12.2,0,20,137,
United States,71.125.64.210,25565,1.16.5,0,20,133,
United States,71.168.175.115,25565,1.16.4,0,10,133,
United States,71.117.30.103,25565,Paper 1.16.5,3,20,127,
United States,71.179.138.32,25565,1.16.5,0,20,196,
United States,71.105.30.167,25565,1.16.4,0,20,124,
United States,71.172.154.165,25565,Paper 1.16.4,1,10000,118,
United States,71.188.98.215,25565,1.16.4,0,20,130,
United States,71.114.93.141,25565,1.16.5,0,20,134,
United States,70.18.214.183,25565,1.16.5,2,20,125,
United States,71.182.161.35,25565,Paper 1.16.5,1,20,135,
United States,71.115.131.41,25565,Spigot 1.16.4,0,20,141,
United States,71.163.88.220,25565,1.16.5,0,20,130,
United States,71.163.87.123,25565,1.16.4,0,10,136,
United States,71.120.17.119,25565,1.16.5,5,20,130,
United States,71.182.194.14,25565,1.16.4,0,10,132,
United States,68.129.220.254,25565,1.12.2,1,1000,129,
United States,71.176.119.68,25565,1.16.4,0,69,131,
United States,71.186.146.244,25565,1.16.4,0,10,127,
United States,68.134.165.30,25565,1.16.4,0,20,131,
United States,71.104.24.12,25565,Paper 1.16.4,0,20,138,
United States,71.179.236.63,25565,Paper 1.16.5,1,20,140,
United States,70.106.197.150,25565,1.16.5,0,20,143,
United States,71.164.77.106,25565,1.16.5,0,10,131,
United States,71.127.55.195,25565,Spigot 1.16.1,0,69,129,
United States,71.105.77.193,25565,1.16.3,0,10,127,
United States,71.115.171.39,25565,Paper 1.16.4,1,20,522,
United States,71.188.126.128,25565,Paper 1.16.4,0,20,132,
United States,71.104.38.73,25565,1.12.2,0,20,127,
United States,71.105.188.169,25565,1.16.3,0,20,126,
United States,71.184.223.170,25565,1.16.4,0,20,190,
United States,70.110.16.97,25565,1.16.5,0,13,133,
United States,71.115.194.125,25565,Spigot 1.16.4,0,30,147,
United States,71.178.41.209,25565,1.16.4,0,20,131,
United States,68.134.133.32,25565,1.16.1,0,10,147,
United States,70.104.189.112,25565,1.12.2,0,20,156,
United States,71.184.87.175,25565,Paper 1.16.4,0,69,127,
United States,68.134.37.144,25565,20w51a,0,20,128,
United States,71.115.13.51,25565,Paper 1.16.5,0,8,137,
United States,68.134.11.117,25565,1.12.2,0,20,138,
United States,71.187.94.44,25565,1.14.4,0,20,130,
United States,71.115.13.66,25565,1.16.4,0,15,159,
United States,71.167.114.56,25565,Paper 1.16.5,0,20,119,
United States,68.132.113.18,25565,Spigot 1.16.4,0,20,124,
United States,71.112.202.212,25565,Paper 1.16.4,0,20,140,
United States,71.171.104.132,25565,Paper 1.16.4,0,20,132,
United States,71.163.0.95,25565,Paper 1.16.5,1,20,137,
United States,71.162.1.213,25565,Spigot 1.16.3,0,20,135,
United States,71.126.150.110,25565,CraftBukkit 1.16.4,5,20,125,
United States,71.184.199.186,25565,21w03a,1,20,130,
United States,71.173.155.113,25565,Spigot 1.16.4,0,20,135,
United States,71.174.235.48,25565,1.16.4,0,20,128,
United States,71.186.153.38,25565,1.16.5,2,20,140,
United States,68.131.4.70,25565,Paper 1.16.5,0,20,134,
United States,71.123.48.147,25565,1.16.4,0,20,128,
United States,71.112.206.41,25565,Spigot 1.16.4,0,20,135,
United States,63.81.90.250,25565,1.16.5,0,20,179,
United States,68.133.64.122,25565,Spigot 1.16.4,0,20,138,
United States,71.175.35.200,25565,Spigot 1.16.5,4,5,136,
United States,71.172.82.92,25565,1.16.4,0,20,131,
United States,68.163.57.29,25565,1.12.2,1,20,121,
United States,71.114.22.135,25565,Paper 1.16.4,0,20,131,
United States,68.163.64.200,25565,1.12.2,0,20,132,
United States,71.172.246.54,25565,1.16.3,0,20,118,
United States,68.134.151.113,25565,1.16.4,0,20,129,
United States,68.134.195.207,25565,21w03a,0,20,142,
United States,68.131.49.15,25565,Spigot 1.16.4,0,3,144,
United States,71.174.58.64,25565,1.12.2,0,20,123,
United States,71.162.189.51,25565,Spigot 1.16.1,0,20,128,
United States,68.134.119.245,25565,Paper 1.16.4,0,10,139,
United States,68.131.107.42,25565,1.16.5,0,10,145,
United States,71.120.7.242,25565,1.16.2,0,20,144,
United States,70.18.222.28,25565,Spigot 1.16.4,0,20,125,
United States,68.134.160.45,25565,1.12.2,0,420,137,
United States,68.133.29.120,25565,Spigot 1.16.2,0,20,141,
United States,71.166.54.142,25565,Spigot 1.16.4,0,20,122,
United States,71.168.138.15,25565,1.12.2,0,10,133,
United States,71.114.148.86,25565,1.16.4,0,5,211,
United States,71.176.122.201,25565,1.16.5,1,10,145,
United States,70.21.204.224,25565,Spigot 1.16.4,0,20,125,
United States,68.134.234.194,25565,Paper 1.15.2,0,10,129,
United States,70.106.20.40,25565,1.12.2,0,20,147,
United States,70.104.171.146,25565,1.16.4,0,20,140,
United States,71.175.32.13,25565,Paper 1.16.4,0,8,127,
United States,71.114.154.33,25565,1.16.5,0,20,123,
United States,71.176.217.172,25565,Paper 1.16.1,0,10,147,
United States,71.174.58.172,25565,Spigot 1.16.4,0,2021,206,
United States,71.179.3.224,25565,Paper 1.16.4,0,18,307,
United States,71.162.177.30,25565,1.16.5,0,20,127,
United States,70.106.249.6,25565,1.16.5,1,20,126,
United States,70.106.243.195,25565,Spigot 1.16.3,0,20,133,
United States,71.121.174.30,25565,1.16.4,0,20,142,
United States,71.187.5.22,25565,1.7.10,0,28,130,
United States,71.185.62.89,25565,Paper 1.16.5,1,20,132,
United States,71.171.83.165,25565,1.16.4,2,20,126,
United States,68.134.169.99,25565,1.10.2,0,20,147,
United States,71.179.3.229,25565,1.12.2,0,20,130,
United States,71.178.46.11,25565,1.14.2,0,20,122,
United States,71.186.163.42,25565,1.12.2,0,20,133,
United States,71.178.213.65,25565,Paper 1.16.4,0,20,138,
United States,71.175.1.106,25565,Paper 1.16.4,0,5,128,
United States,71.178.192.72,25565,1.12.2,0,20,134,
United States,71.112.172.89,25565,1.12.2,0,20,132,
United States,68.133.31.9,25565,Spigot 1.16.4,0,20,152,
United States,71.163.33.14,25565,1.16.5,0,20,137,
United States,71.182.231.95,25565,Spigot 1.16.5,0,20,129,
United States,68.237.26.217,25565,1.16.4,0,5,133,
United States,71.168.219.154,25565,1.12.2,0,20,128,
United States,71.175.0.140,25565,Spigot 1.16.4,2,30,123,
United States,71.176.236.108,25565,1.16.4,2,20,140,
United States,71.163.164.106,25565,1.12.2,0,20,140,
United States,68.133.62.57,25565,1.16.4,0,20,136,
United States,70.21.203.141,25565,1.16.5,0,20,426,
United States,71.187.219.22,25565,1.12.2,0,20,129,
United States,71.121.250.8,25565,1.16.4,0,20,135,
United States,68.238.22.117,25565,1.16.4,0,20,142,
United States,68.134.162.149,25565,1.16.1,0,200,130,
United States,71.162.190.227,25565,Paper 1.16.5,3,50,120,
United States,71.179.44.97,25565,1.16.4,0,20,148,
United States,71.127.147.168,25565,1.16.3,1,20,133,
United States,71.188.87.176,25565,1.16.4,0,4,137,
United States,71.185.54.44,25565,Paper 1.16.4,0,20,127,
United States,71.187.5.218,25565,1.16.4,0,20,121,
United States,68.132.97.253,25565,Spigot 1.16.5,2,100,133,
United States,71.126.141.121,25565,1.16.4,0,5,127,
United States,71.174.93.114,25565,Paper 1.16.4,0,40,130,
United States,63.79.63.12,25565,1.14.4,0,20,156,
United States,70.110.29.96,25565,1.16.5,0,99999,136,
United States,68.129.57.11,25565,1.16.4,0,6,132,
United States,71.115.209.27,25565,Paper 1.16.5,3,20,135,
United States,68.131.124.89,25565,1.16.4,0,20,145,
United States,71.115.194.27,25565,1.16.5,0,20,138,
United States,70.106.196.132,25565,Spigot 1.16.4,1,20,131,
United States,71.184.222.21,25565,1.8,0,20,130,
United States,70.106.234.38,25565,CraftBukkit 1.16.2,0,30,135,
United States,68.238.161.197,25565,1.16.4,0,20,138,
United States,71.171.106.87,25565,Spigot 1.15.2,0,10,135,
United States,68.129.84.159,25565,1.12.2,0,8,130,
United States,71.174.93.116,25565,1.16.4,0,30,131,
United States,71.174.61.103,25565,1.10.2,0,20,129,
United States,71.127.159.227,25565,1.16.1,0,20,135,
United States,71.120.196.183,25565,1.16.4,0,20,147,
United States,71.112.192.147,25565,Paper 1.16.4,0,1,138,
United States,71.188.105.22,25565,Paper 1.16.5,0,3,137,
United States,71.112.182.207,25565,1.12.2,0,20,124,
United States,68.134.116.158,25565,1.16.4,0,20,128,
United States,71.127.151.147,25565,Spigot 1.16.5,0,20,121,
United States,70.19.39.91,25565,1.16.5,0,20,139,
United States,68.129.22.206,25565,1.16.4,0,20,125,
United States,70.106.249.221,25565,1.16.5,1,20,135,
United States,71.120.213.167,25565,Paper 1.16.4,0,20,139,
United States,71.183.227.204,25565,Spigot 1.16.5,0,20,127,
United States,71.179.23.178,25565,1.12.2,1,20,132,
United States,71.185.32.14,25565,1.12.2,0,20,133,
United States,71.114.107.244,25565,1.16.5,0,10,137,
United States,71.173.208.53,25565,1.12.2,0,10,138,
United States,68.129.104.120,25565,1.16.1,0,20,129,
United States,68.133.9.156,25565,1.16.4,0,20,128,
United States,71.174.225.3,25565,Spigot 1.16.4,0,20,129,
United States,68.238.235.178,25565,1.16.1,3,100,135,
United States,71.120.220.2,25565,1.16.5,2,20,137,
United States,71.186.232.77,25565,1.16.5,1,20,138,
United States,71.162.228.14,25565,Paper 1.15.2,0,8,136,
United States,71.185.55.253,25565,1.16.4,0,10,142,
United States,71.163.99.247,25565,1.16.4,0,20,136,
United States,71.105.244.80,25565,Paper 1.16.4,0,20,216,
United States,71.114.93.62,25565,1.12.2,1,20,132,
United States,71.174.93.115,25565,Paper 1.16.4,0,30,122,
United States,71.179.35.13,25565,Paper 1.16.5,0,20,141,
United States,71.162.190.95,25565,1.12.2,0,32,124,
United States,71.179.238.164,25565,1.16.4,0,20,129,
United States,71.184.207.232,25565,Spigot 1.16.4,0,12,134,
United States,70.19.81.243,25565,Paper 1.16.4,0,20,133,
United States,68.131.25.34,25565,Paper 1.16.4,0,69,138,
United States,70.23.102.48,25565,1.16.4,0,20,128,
United States,71.172.163.105,25565,1.16.4,0,20,127,
United States,71.163.97.254,25565,1.16.4,0,20,138,
United States,71.166.35.118,25565,1.16.1,0,20,126,
United States,68.132.61.135,25565,Spigot 1.16.4,0,20,135,
United States,71.174.61.75,25565,1.16.5,0,10,128,
United States,71.127.244.32,25565,1.16.5,0,20,116,
United States,70.16.42.254,25565,1.12.2,0,20,138,
United States,71.184.94.43,25565,1.16,0,20,309,
United States,71.183.166.140,25565,1.16.4,0,20,143,
United States,68.133.92.69,25565,1.16.4,0,20,137,
United States,71.179.2.178,25565,1.16.5,1,20,139,
United States,71.162.234.96,25565,1.16.4,0,20,139,
United States,71.168.128.101,25565,1.16.5,0,20,129,
United States,70.106.210.243,25565,1.16.4,0,20,143,
United States,71.114.76.204,25565,1.16.5,0,20,139,
United States,71.120.149.207,25565,1.16.5,0,20,150,
United States,70.106.251.15,25565,1.16.5,0,15,130,
United States,71.162.7.176,25565,1.12.2,1,20,137,
United States,71.176.123.225,25565,1.16.4,0,50,134,
United States,71.127.54.15,25565,1.16.4,3,20,143,
United States,71.184.137.197,25565,Paper 1.16.5,0,20,142,
United States,71.184.147.185,25565,Paper 1.16.4,0,20,136,
United States,68.133.71.61,25565,1.16.4,0,20,135,
United States,71.174.77.180,25565,1.12.2,0,20,134,
United States,71.179.183.203,25565,1.10.2,1,10,127,
United States,71.168.178.34,25565,Paper 1.16.4,0,20,129,
United States,71.179.179.113,25565,Velocity 1.7.2-1.16.4,0,15,138,
United States,71.162.204.93,25565,1.16.5,0,20,128,
United States,71.162.171.175,25565,Paper 1.16.5,0,100,130,
United States,68.134.137.140,25565,1.16.5,0,5,134,
United States,71.114.97.87,25565,Paper 1.16.4,0,20,138,
United States,71.162.113.101,25565,1.16.5,3,20,136,
United States,63.77.200.149,25565,Spigot 1.16.5,0,20,152,
United States,71.178.186.223,25565,1.16.4,0,20,127,
United States,63.111.67.231,25565,CraftBukkit 1.7.2,0,20,139,
United States,71.114.31.87,25565,Spigot 1.16.4,0,20,137,
United States,71.121.144.38,25565,1.16.4,0,20,134,
United States,68.163.58.47,25565,1.16.4,0,20,138,
United States,71.172.233.172,25565,1.16.1,0,20,127,
United States,71.179.173.189,25565,1.16.3,0,69,135,
United States,71.163.51.29,25565,Spigot 1.16.4,0,42,122,
United States,71.162.132.12,25565,1.16.4,0,20,128,
United States,71.120.226.64,25565,1.16.3,0,4,144,
United States,68.162.150.183,25565,1.12.2,0,20,138,
United States,71.126.177.160,25565,1.16.5,0,10,125,
United States,71.126.161.51,25565,1.16.5,0,20,132,
United States,71.172.134.219,25565,1.15.2,0,20,123,
United States,71.163.250.50,25565,CraftBukkit 1.16.5,0,20,131,
United States,71.186.187.179,25565,1.16.4,0,20,146,
United States,71.116.60.241,25565,Paper 1.16.2,0,20,128,
United States,71.120.203.60,25565,1.16.5,0,20,141,
United States,71.127.184.105,25565,1.16.5,0,20,142,
United States,71.179.25.235,25565,1.16.4,0,10,134,
United States,71.121.193.85,25565,1.16.4,0,20,139,
United States,63.86.188.70,25565,Paper 1.16.4,0,15,135,
United States,71.126.244.53,25565,1.15.2,0,8,134,
United States,71.168.168.126,25565,1.16.4,0,20,128,
United States,71.112.216.33,25565,1.16.4,0,20,147,
United States,71.121.242.120,25565,1.16.4,0,20,125,
United States,68.133.13.170,25565,1.12.2,0,20,133,
United States,68.131.47.140,25565,1.16.5,0,20,145,
United States,68.129.61.42,25565,1.12.2,0,20,140,
United States,71.171.117.29,25565,1.16.2,0,20,147,
United States,71.167.157.161,25565,1.16.3,0,10,128,
United States,71.163.165.203,25565,1.15.2,0,20,135,
United States,71.173.140.8,25565,1.16.4,1,20,132,
United States,71.121.251.87,25565,1.16.4,0,20,144,
United States,71.183.154.88,25565,1.12.2,0,20,139,
United States,71.163.18.222,25565,1.7.10,0,10,144,
United States,71.187.190.51,25565,Spigot 1.16.4,0,20,128,
United States,71.167.49.205,25565,1.16.4,0,20,119,
United States,71.115.167.206,25565,1.16.5,2,20,145,
United States,68.133.6.176,25565,Paper 1.16.1,0,20,126,
United States,71.126.4.143,25565,1.16.4,0,20,132,
United States,71.175.22.114,25565,1.16.4,2,20,136,
United States,68.134.92.56,25565,1.16.1,0,20,142,
United States,68.129.25.62,25565,1.16.4,0,20,127,
United States,71.163.51.30,25565,Spigot 1.16.4,0,42,137,
United States,71.186.225.119,25565,1.16.4,0,15,128,
United States,70.104.176.131,25565,1.16.4,0,20,142,
United States,71.127.215.38,25565,1.16.4,0,20,117,
United States,71.163.18.186,25565,1.16.5,1,20,141,
United States,71.178.216.10,25565,Spigot 1.16.4,4,20,136,
United States,71.100.230.213,25565,Paper 1.16.3,0,100,168,
United States,71.114.127.234,25565,1.16.4,0,50,155,
United States,71.120.218.185,25565,1.16.4,0,5,138,
United States,71.187.68.4,25565,20w51a,0,12,131,
United States,71.163.150.44,25565,1.16.5,0,20,127,
United States,71.127.150.156,25565,1.16.4,0,20,136,
United States,71.121.192.2,25565,1.7.10,0,20,124,
United States,71.162.232.101,25565,1.12.2,2,20,121,
United States,71.185.227.74,25565,Paper 1.16.5,0,20,134,
United States,71.178.38.92,25565,CraftBukkit 1.16.5,1,20,137,
United States,71.115.207.197,25565,1.12.2,0,20,153,
